{
  "mu": {
    "ssim": 0.611778042008046,
    "lsd": 1.708831516595987,
    "sc": 0.21908587532547805,
    "s_corr": 0.9619364171126794,
    "sta_lta_err": 0.07484274205396507,
    "mr_lsd": 1.8037615782390155,
    "arias_err": 0.5151234028820316,
    "env_corr": 0.5669835219406328,
    "dtw": 11542.116125673441,
    "xcorr": 0.19974521568973622
  },
  "diag_sampled": {
    "ssim": 0.598927883633232,
    "lsd": 1.729986862780956,
    "sc": 0.24262622468030223,
    "s_corr": 0.9564454308849017,
    "sta_lta_err": 0.08765557735213887,
    "mr_lsd": 1.8400922776674487,
    "arias_err": 0.524724420259736,
    "env_corr": 0.5617769679917758,
    "dtw": 11955.912646314715,
    "xcorr": 0.19779712118879483
  },
  "full_sampled": {
    "ssim": 0.6067382273813909,
    "lsd": 1.7204949984756799,
    "sc": 0.22342459166135925,
    "s_corr": 0.9604585420432055,
    "sta_lta_err": 0.082981414344072,
    "mr_lsd": 1.8110112017144622,
    "arias_err": 0.519005975275385,
    "env_corr": 0.5651413409140693,
    "dtw": 11526.571957046757,
    "xcorr": 0.2015568944744978
  }
}