{
  "full_vs_diag": {
    "ssim": {
      "mean": 0.007810343748159045,
      "ci95_low": 0.006650766933775848,
      "ci95_high": 0.009031601215475884,
      "p_gt0": 1.0
    },
    "lsd": {
      "mean": 0.009491864305276137,
      "ci95_low": 0.004401763485601316,
      "ci95_high": 0.014416077611251516,
      "p_gt0": 1.0
    },
    "sc": {
      "mean": 0.01920163301894298,
      "ci95_low": 0.016760008929010767,
      "ci95_high": 0.0218488128685679,
      "p_gt0": 1.0
    },
    "s_corr": {
      "mean": 0.0040131111583036,
      "ci95_low": 0.0035134874677428163,
      "ci95_high": 0.004524148543032772,
      "p_gt0": 1.0
    },
    "sta_lta_err": {
      "mean": 0.004674163008066862,
      "ci95_low": -0.00025878745566424545,
      "ci95_high": 0.009857981908841873,
      "p_gt0": 0.9698
    },
    "mr_lsd": {
      "mean": 0.029081075952986514,
      "ci95_low": 0.023091028435113712,
      "ci95_high": 0.035104265550879185,
      "p_gt0": 1.0
    },
    "arias_err": {
      "mean": 0.005718444984351064,
      "ci95_low": -0.011021288935798226,
      "ci95_high": 0.023162856423198867,
      "p_gt0": 0.7428
    },
    "env_corr": {
      "mean": 0.0033643729222935246,
      "ci95_low": 6.213278938780756e-05,
      "ci95_high": 0.0066401871656517055,
      "p_gt0": 0.9768
    },
    "dtw": {
      "mean": 429.34068926795675,
      "ci95_low": 146.09014022370806,
      "ci95_high": 813.1058490753405,
      "p_gt0": 1.0
    },
    "xcorr": {
      "mean": 0.003759773285702989,
      "ci95_low": 0.0011624597215671867,
      "ci95_high": 0.006369115018311803,
      "p_gt0": 0.9978
    }
  },
  "diag_vs_mu": {
    "ssim": {
      "mean": -0.012850158374813967,
      "ci95_low": -0.014383630818222849,
      "ci95_high": -0.011281433571832967,
      "p_gt0": 0.0
    },
    "lsd": {
      "mean": -0.02115534618496895,
      "ci95_low": -0.027580395971353235,
      "ci95_high": -0.014271752873005777,
      "p_gt0": 0.0
    },
    "sc": {
      "mean": -0.023540349354824193,
      "ci95_low": -0.026555818450959542,
      "ci95_high": -0.020733900620745354,
      "p_gt0": 0.0
    },
    "s_corr": {
      "mean": -0.005490986227777604,
      "ci95_low": -0.006071465269606793,
      "ci95_high": -0.0049090149083090544,
      "p_gt0": 0.0
    },
    "sta_lta_err": {
      "mean": -0.012812835298173786,
      "ci95_low": -0.019710832712678865,
      "ci95_high": -0.006268418491299773,
      "p_gt0": 0.0
    },
    "mr_lsd": {
      "mean": -0.03633069942843313,
      "ci95_low": -0.04356237907956495,
      "ci95_high": -0.028889362262781392,
      "p_gt0": 0.0
    },
    "arias_err": {
      "mean": -0.009601017377704392,
      "ci95_low": -0.033342950746133304,
      "ci95_high": 0.012257060427010693,
      "p_gt0": 0.216
    },
    "env_corr": {
      "mean": -0.00520655394885714,
      "ci95_low": -0.009023809285704894,
      "ci95_high": -0.001428143163273543,
      "p_gt0": 0.0042
    },
    "dtw": {
      "mean": -413.7965206412754,
      "ci95_low": -1097.3464468222237,
      "ci95_high": 64.13908640583978,
      "p_gt0": 0.0566
    },
    "xcorr": {
      "mean": -0.0019480945009414078,
      "ci95_low": -0.006502043647566404,
      "ci95_high": 0.002493704151553734,
      "p_gt0": 0.1984
    }
  },
  "full_vs_mu": {
    "ssim": {
      "mean": -0.0050398146266549225,
      "ci95_low": -0.005829720810685052,
      "ci95_high": -0.0042322111365756965,
      "p_gt0": 0.0
    },
    "lsd": {
      "mean": -0.011663481879692811,
      "ci95_low": -0.016441976608565223,
      "ci95_high": -0.0070424538822128355,
      "p_gt0": 0.0
    },
    "sc": {
      "mean": -0.004338716335881215,
      "ci95_low": -0.005002027756283776,
      "ci95_high": -0.0037347646922661136,
      "p_gt0": 0.0
    },
    "s_corr": {
      "mean": -0.0014778750694740038,
      "ci95_low": -0.0016778841383050212,
      "ci95_high": -0.001289910833823099,
      "p_gt0": 0.0
    },
    "sta_lta_err": {
      "mean": -0.008138672290106928,
      "ci95_low": -0.012836841052869205,
      "ci95_high": -0.003414960723938068,
      "p_gt0": 0.0004
    },
    "mr_lsd": {
      "mean": -0.007249623475446618,
      "ci95_low": -0.011721044726420266,
      "ci95_high": -0.0027749454216167446,
      "p_gt0": 0.0004
    },
    "arias_err": {
      "mean": -0.003882572393353328,
      "ci95_low": -0.014710535151282657,
      "ci95_high": 0.005900175286911593,
      "p_gt0": 0.2356
    },
    "env_corr": {
      "mean": -0.001842181026563615,
      "ci95_low": -0.005380011509294802,
      "ci95_high": 0.0018305712263334316,
      "p_gt0": 0.1564
    },
    "dtw": {
      "mean": 15.544168626681351,
      "ci95_low": -367.12077939039415,
      "ci95_high": 349.2588543710103,
      "p_gt0": 0.5658
    },
    "xcorr": {
      "mean": 0.0018116787847615814,
      "ci95_low": -0.0024252719087572705,
      "ci95_high": 0.005904285859872715,
      "p_gt0": 0.8056
    }
  }
}