{
  "Baseline": {
    "ssim": 0.6153084640340476,
    "lsd": 2.0244200293506895,
    "sc": 0.26203307456203867,
    "s_corr": 0.9398696434288417,
    "arias_err": 0.46997546825976677,
    "env_corr": 0.3749800179443925,
    "dtw": 6306.924499071918,
    "xcorr": 0.18253454454607532
  },
  "FullCov": {
    "ssim": 0.5939364139880545,
    "lsd": 1.8841144463845663,
    "sc": 0.27862687116222723,
    "s_corr": 0.9333396896778142,
    "arias_err": 0.43106669101206174,
    "env_corr": 0.3555028595859939,
    "dtw": 6522.923096811297,
    "xcorr": 0.1791570458691189
  },
  "Flow": {
    "ssim": 0.597989514674339,
    "lsd": 2.113935174686568,
    "sc": 0.24695961230567523,
    "s_corr": 0.9458050633623688,
    "arias_err": 0.43178354167440824,
    "env_corr": 0.38409702647943955,
    "dtw": 6233.693297665953,
    "xcorr": 0.1737717005895595
  },
  "WBaseline": {
    "ssim": 0.6190843354748866,
    "lsd": 1.8120697289705276,
    "sc": 0.24014366098812648,
    "s_corr": 0.94814158605397,
    "arias_err": 0.3747912111554631,
    "env_corr": 0.3925019839524287,
    "dtw": 6889.26025415724,
    "xcorr": 0.1885007720821721
  }
}