{
  "Baseline": {
    "ssim": 0.6349002270244589,
    "lsd": 2.2124795821996837,
    "sc": 0.19112536397117835,
    "s_corr": 0.9704594340991334,
    "arias_err": 0.41744005507738424,
    "env_corr": 0.585826589993016,
    "dtw": 11582.8899307709,
    "xcorr": 0.21843618166668913
  },
  "FullCov": {
    "ssim": 0.6075018757497369,
    "lsd": 1.9000230546181018,
    "sc": 0.2208262928403341,
    "s_corr": 0.9607214530129361,
    "arias_err": 0.4101328068780227,
    "env_corr": 0.5696441876471886,
    "dtw": 11688.706821253982,
    "xcorr": 0.1992897509814848
  },
  "Flow": {
    "ssim": 0.600207831653827,
    "lsd": 2.124207620437329,
    "sc": 0.1917757893411013,
    "s_corr": 0.9701145076601119,
    "arias_err": 0.34160621292528537,
    "env_corr": 0.581149319856595,
    "dtw": 12340.89963349172,
    "xcorr": 0.21672332486930787
  },
  "WBaseline": {
    "ssim": 0.6236603503735433,
    "lsd": 1.8122636790458972,
    "sc": 0.18222646673138326,
    "s_corr": 0.9730572930146837,
    "arias_err": 0.36091270012074295,
    "env_corr": 0.5950628108670108,
    "dtw": 11764.32493759599,
    "xcorr": 0.21181262342255602
  }
}