format,n_runs,test_diag_mae_mean,test_diag_mae_std,test_offdiag_mean,test_offdiag_std,test_kl_mean,test_kl_std,test_w2_mean,test_w2_std,ood_diag_mae_mean,ood_diag_mae_std,ood_offdiag_mean,ood_offdiag_std,ood_kl_mean,ood_kl_std,ood_w2_mean,ood_w2_std,prior_test_comp_mean,prior_test_comp_std,prior_ood_comp_mean,prior_ood_comp_std,test_max_var_mean,test_max_var_std,ood_max_var_mean,ood_max_var_std
fmtA_b0p1_lmax8,3,0.360206386201281,0.08672078237277704,0.20418842649860824,0.04566158761517231,4.547991229459441,1.4467412952615157,6.534113256354618,2.275810682005292,0.034930540308100784,0.008990050700685192,0.0250830590504318,0.003286064658901994,0.24814158877096637,0.07250040071593072,0.34935020771513264,0.11038968126552458,1.7438686851171559,0.19913343670886227,1.9920451122659084,0.20197415513156552,1949.6597111796225,722.5850230430627,527.1808275145324,222.56152792055065
fmtB_b0p1_lmax6,3,0.5018435919780345,0.23007680933855781,0.20986589510448103,0.04994446626011713,6.725024212687489,3.3920588765985604,10.106246227854726,5.3997955791255166,0.042497729581602896,0.011624131606456315,0.0185713077794412,0.010433737894520543,0.2389327139298353,0.1144581523070012,0.33982259765011097,0.134641903228456,1.6654622302092232,0.18192375074354314,1.9069340430246375,0.19790079234958846,403.26883668956697,0.22566919552650844,235.93802754700263,117.34213564273652
fmtC_b0p03_anneal_lmax6,3,3.878530637776444,1.5647436269871913,0.6893751375875893,0.06801950916424884,62.036354375081764,27.29463388164879,108.15309632185885,49.784988650279224,0.1825098337022634,0.10524455794379654,0.1550917350538426,0.05465933267484046,3.1147235231247747,1.2602448568150226,4.576317192667372,1.7915599116818972,2.0277881030896396,0.1657555303623594,2.212919144241632,0.1958232201455188,360.5365988887733,31.410613776818852,253.32824911916057,64.24127961429394
