{
  "ssim": 0.586373739568621,
  "lsd": 2.0513071371958804,
  "arias_err": 0.45631283582720433,
  "env_corr": 0.581368890595744,
  "dtw": 12168.916105124837,
  "xcorr": 0.19354412816244645
}