{
  "mean_abs_corr_offdiag": {
    "mean": 0.052725320108808,
    "std": 0.0035134613429147034,
    "min": 0.044377535581588745,
    "max": 0.06299944967031479
  },
  "max_abs_corr_offdiag": {
    "mean": 0.766043042907348,
    "std": 0.03486420364266788,
    "min": 0.7018450498580933,
    "max": 0.8874794840812683
  },
  "p95_abs_corr_offdiag": {
    "mean": 0.13764275710743207,
    "std": 0.009710423986776824,
    "min": 0.11367242783308029,
    "max": 0.16466210782527924
  },
  "offdiag_energy_ratio": {
    "mean": 0.6467325928119513,
    "std": 0.022082136054674,
    "min": 0.5935858488082886,
    "max": 0.7052384614944458
  }
}