{
  "BaselineGeo": {
    "ssim": 0.627869829415497,
    "lsd": 1.7387143121315882,
    "sc": 0.20189064569198167,
    "s_corr": 0.9688216831191977,
    "sta_lta_err": 0.0765073720929066,
    "mr_lsd": 1.9418390954256326,
    "arias_err": 0.39143777118270506,
    "env_corr": 0.5863373452103131,
    "dtw": 12314.045277423678,
    "xcorr": 0.20706904117546424
  },
  "FullCovGeo": {
    "ssim": 0.6117780419939016,
    "lsd": 1.7088315188884735,
    "sc": 0.21908587561203882,
    "s_corr": 0.9619364171111602,
    "sta_lta_err": 0.07484274185449365,
    "mr_lsd": 1.8028506724317919,
    "arias_err": 0.5151413824426425,
    "env_corr": 0.5746699520340237,
    "dtw": 11560.891466118257,
    "xcorr": 0.20426084620449428
  }
}