{
  "BaselineGeo_large_ld128": {
    "quality_score": 0.6949410677609296,
    "independence_score": 0.5108355375371864,
    "pareto_nondominated": true
  },
  "FullCovGeo_large_ld128": {
    "quality_score": 0.5975265446143251,
    "independence_score": 0.8751024836674498,
    "pareto_nondominated": true
  },
  "BaselineGeo_small_ld128": {
    "quality_score": 0.8730758600372963,
    "independence_score": 0.3992513857331285,
    "pareto_nondominated": true
  },
  "FullCovGeo_small_ld128": {
    "quality_score": 0.34260279178332337,
    "independence_score": 0.9445372281994807,
    "pareto_nondominated": true
  },
  "BaselineGeo_small_ld64": {
    "quality_score": 0.6699086104137277,
    "independence_score": 0.1692660816284105,
    "pareto_nondominated": false
  },
  "FullCovGeo_small_ld64": {
    "quality_score": 0.2506952791876693,
    "independence_score": 0.5617871502483558,
    "pareto_nondominated": false
  }
}