{
  "BaselineGeo_large_ld128": {
    "tc_agg": [
      75.07334313561213,
      74.5023107844818,
      76.43458262965758,
      75.60860661680672,
      75.07435640788444,
      76.22078284550716,
      75.28582125775154,
      75.90940797546236,
      75.32998948722876,
      74.6035360206925,
      75.66343150270099,
      75.0596654598067,
      75.18656832962162,
      74.67933078884114,
      74.51128850875999,
      75.14184057122318,
      75.00429999117273,
      75.06124749695577,
      75.71469558976634,
      74.89332442707135,
      75.44955764767981,
      74.64540278174306,
      75.39989328390705,
      74.88363560966164
    ],
    "mean_abs_corr_offdiag": [
      0.22229102621616748,
      0.2236799059389965,
      0.23199982456640997,
      0.227381199890568,
      0.22094353161169047,
      0.23511730504186332,
      0.22263868363975395,
      0.2351119030401544,
      0.22842759428025633,
      0.21601533109739762,
      0.23208795399067553,
      0.22912776933541995,
      0.22476283533138278,
      0.2161739855397035,
      0.21599554474846602,
      0.22451257257807725,
      0.22074029344035467,
      0.21911628597261443,
      0.22599982298727364,
      0.2261985769619657,
      0.2322995063397325,
      0.21996539151223976,
      0.22787794376537698,
      0.2237135704587903
    ],
    "p95_abs_corr_offdiag": [
      0.5369112956820319,
      0.525402380045665,
      0.5609203876615133,
      0.5498583610944991,
      0.5372497097355936,
      0.5430370092060439,
      0.5358583509418252,
      0.5428783759478378,
      0.5395135961005676,
      0.5448940892661134,
      0.5431161563508554,
      0.5252354910232234,
      0.5385466377645136,
      0.5310022852500168,
      0.5271652862789212,
      0.5304446248410551,
      0.5295543045421902,
      0.5482929391779103,
      0.5429425339231102,
      0.5175355474229533,
      0.5306600292461473,
      0.5252347138446496,
      0.5357965921478848,
      0.5280947131790765
    ],
    "max_abs_corr_offdiag": [
      0.8238385089555267,
      0.8761294568207061,
      0.7757980477098735,
      0.783102523878663,
      0.8567738320410799,
      0.7950382296282668,
      0.8203685764485997,
      0.7980729351488468,
      0.8019400472362158,
      0.83530078859389,
      0.7992967431725755,
      0.8314225715745396,
      0.8465270932508293,
      0.8407763662115701,
      0.876072992812095,
      0.7869083113481252,
      0.8294885348252317,
      0.8011644229314836,
      0.7940725688469923,
      0.8119060435600028,
      0.807663239127786,
      0.841839610135086,
      0.7970976521279136,
      0.8351088708851692
    ],
    "offdiag_energy_ratio": [
      0.951715764402771,
      0.951449067339752,
      0.9555708540261241,
      0.9539552171146122,
      0.9513863345418022,
      0.9554988047203941,
      0.9518237068785054,
      0.9555938542968908,
      0.9534050819438763,
      0.9506584868596887,
      0.9545604286918348,
      0.9528311505081867,
      0.9522960812843837,
      0.9500299041910543,
      0.9498218575433187,
      0.9515571903718208,
      0.9512761840384772,
      0.9515393593450028,
      0.9528448842934132,
      0.9519811364907642,
      0.9541382658944884,
      0.9506326585911794,
      0.9530673191061977,
      0.9519408836124403
    ]
  },
  "FullCovGeo_large_ld128": {
    "tc_agg": [
      43.85149695142269,
      43.46826969916924,
      43.6024997050682,
      43.498095759657524,
      44.06455193375181,
      43.89903075359656,
      43.82600630678073,
      43.79820434227978,
      43.845681868331326,
      43.86789969724161,
      43.67660485758944,
      43.624491533169376,
      43.54007806566584,
      44.15889178489694,
      43.90372244698543,
      44.25151063588389,
      43.68654975337496,
      43.88084574648571,
      43.72924931014752,
      43.50267384271652,
      43.71137426688407,
      43.46005527933963,
      43.51740728237921,
      43.292008148429844
    ],
    "mean_abs_corr_offdiag": [
      0.14912878947809255,
      0.14489192603121576,
      0.1460839440607175,
      0.14501843901572287,
      0.15103977332096663,
      0.15244797941710658,
      0.1514030670198045,
      0.15169206713304348,
      0.1514619254597856,
      0.15311734113032524,
      0.15427505978826755,
      0.1468075919028831,
      0.14378368729449206,
      0.15678869017422412,
      0.1512811665745799,
      0.15384037771457712,
      0.15069694060494945,
      0.1483060055736962,
      0.14880996547138395,
      0.14722307053547767,
      0.1502275869681763,
      0.14340569167197836,
      0.14889050337192164,
      0.14438505420567468
    ],
    "p95_abs_corr_offdiag": [
      0.3693399801757023,
      0.37753380298710393,
      0.3794272838343882,
      0.36119981689113034,
      0.37867619185097245,
      0.37783156433674453,
      0.3723497246666534,
      0.3727840589226276,
      0.3731622660239463,
      0.37013355103538664,
      0.3619369649274928,
      0.36389107564562256,
      0.369754420577065,
      0.37582831680303613,
      0.36957139919617044,
      0.37333040541280166,
      0.37096636451470155,
      0.3724647209625862,
      0.36077767831130003,
      0.3643672120424765,
      0.37177682889855757,
      0.3724009492713501,
      0.3684672951976966,
      0.36132123615012063
    ],
    "max_abs_corr_offdiag": [
      0.7088438317731074,
      0.6028027319475036,
      0.6543215379905852,
      0.7163988457980929,
      0.6488386920425049,
      0.6753299096453073,
      0.6599340619808732,
      0.6533700482881594,
      0.6431729633694973,
      0.6420299582269174,
      0.641685736413461,
      0.6888892312545283,
      0.6439164433385819,
      0.6255161931663832,
      0.660866942085462,
      0.6371757479878077,
      0.6174852209013885,
      0.6816501311082601,
      0.6729697396603694,
      0.7075046496321837,
      0.6569674963528421,
      0.6860552635785095,
      0.6544005252491416,
      0.6781596927186134
    ],
    "offdiag_energy_ratio": [
      0.903913696486034,
      0.9015830074045081,
      0.9018757809957566,
      0.899637651318765,
      0.9065230247019471,
      0.9064235213869974,
      0.9049958350233357,
      0.9056484850839097,
      0.9062465253896849,
      0.906397345066758,
      0.9054822487080303,
      0.9019355306729666,
      0.9000574234316171,
      0.9093870309399013,
      0.9056712426955946,
      0.9076234663020156,
      0.9052929051126289,
      0.903901503836105,
      0.903137295885104,
      0.9015248935689152,
      0.9043291096130093,
      0.8998556553663493,
      0.9035086650943377,
      0.8994881529479352
    ]
  },
  "BaselineGeo_small_ld128": {
    "tc_agg": [
      78.73449498376397,
      78.16942602938204,
      78.28796003418887,
      79.32367478231417,
      78.23848119048168,
      77.42897063336497,
      77.63794604082229,
      79.14773355250445,
      78.69477310234569,
      78.15456069304093,
      78.84417985769667,
      77.6280845526434,
      77.93513667387245,
      79.29210862197374,
      78.08689703872452,
      78.52245815007502,
      77.80900628029909,
      77.84019136541698,
      79.10712905605153,
      76.7700258495133,
      79.03008595071725,
      77.89424887791473,
      78.56335586275841,
      77.76542154598701
    ],
    "mean_abs_corr_offdiag": [
      0.23731422656903065,
      0.2230872823804668,
      0.24438962748585324,
      0.23647844715556024,
      0.231316637539125,
      0.21844131361134345,
      0.22947704117826953,
      0.24629055652197357,
      0.23514507672587512,
      0.2370644318778948,
      0.2378048133348101,
      0.22341664446370502,
      0.22838451426601908,
      0.23986918763308376,
      0.2298398545464965,
      0.2406448259929003,
      0.2217298625620783,
      0.2276276053321115,
      0.24195668745810456,
      0.21278226672371287,
      0.24596526067916527,
      0.22645956239037004,
      0.23198100634946142,
      0.23202088637440815
    ],