{
  "ssim": 0.34009179147273405,
  "lsd": 2.0146515782062826,
  "sc": 0.5311236891608971,
  "s_corr": 0.7421251788315668,
  "sta_lta_err": 0.3630975100656666,
  "mr_lsd": 1.452414641013512,
  "arias_err": 0.7835359633542024,
  "env_corr": 0.19094364987684953,
  "dtw": 13447.651135741198,
  "xcorr": 0.17219674730530152,
  "num_samples": 52,
  "model": "TrueWSpaceVAE",
  "mode": "reconstruct"
}