{
  "BaselineGeo_large_ld128": {
    "ssim": 0.6278698294774816,
    "lsd": 1.738714309839102,
    "sc": 0.20189064569198167,
    "s_corr": 0.9688216831205085,
    "sta_lta_err": 0.07650737195231759,
    "mr_lsd": 1.9421304373084511,
    "arias_err": 0.3909473577160886,
    "env_corr": 0.5845087189814351,
    "dtw": 12121.325527575427,
    "xcorr": 0.2141690408953353
  },
  "FullCovGeo_large_ld128": {
    "ssim": 0.6117780418871871,
    "lsd": 1.7088315188884735,
    "sc": 0.21908587589859962,
    "s_corr": 0.9619364171050611,
    "sta_lta_err": 0.07484274226433021,
    "mr_lsd": 1.7995827777545332,
    "arias_err": 0.5150109332572751,
    "env_corr": 0.5693428927300214,
    "dtw": 11668.836275230733,
    "xcorr": 0.20507427917657817
  },
  "BaselineGeo_small_ld128": {
    "ssim": 0.6312601671167486,
    "lsd": 1.689952694452726,
    "sc": 0.1948745884001255,
    "s_corr": 0.9691825411734049,
    "sta_lta_err": 0.06582742573819224,
    "mr_lsd": 1.7826643229085186,
    "arias_err": 0.406207336049308,
    "env_corr": 0.5892137054781862,
    "dtw": 12090.833815914004,
    "xcorr": 0.21159890472697013
  },
  "FullCovGeo_small_ld128": {
    "ssim": 0.6126070601269061,
    "lsd": 1.5877396899920244,
    "sc": 0.22661046741100457,
    "s_corr": 0.9584777924888476,
    "sta_lta_err": 0.08963371898827328,
    "mr_lsd": 1.835079456153707,
    "arias_err": 0.6674277704318973,
    "env_corr": 0.5481034016559996,
    "dtw": 11634.711965936287,
    "xcorr": 0.19893017540107497
  },
  "BaselineGeo_small_ld64": {
    "ssim": 0.6140479614892869,
    "lsd": 3.2222584761106052,
    "sc": 0.20866269245743752,
    "s_corr": 0.9648532927588692,
    "sta_lta_err": 0.07085309388964396,
    "mr_lsd": 1.8249131366856755,
    "arias_err": 0.38499921274434395,
    "env_corr": 0.5661522809519284,
    "dtw": 11654.77215585126,
    "xcorr": 0.21493387799983932
  },
  "FullCovGeo_small_ld64": {
    "ssim": 0.5940526014953755,
    "lsd": 1.9717863179170168,
    "sc": 0.22255761806781477,
    "s_corr": 0.9599398148319834,
    "sta_lta_err": 0.0876284434803999,
    "mr_lsd": 1.8542082829367106,
    "arias_err": 0.6902598833629554,
    "env_corr": 0.5413840036359948,
    "dtw": 11711.575472339253,
    "xcorr": 0.1982500843354697
  }
}