{
  "FullCovGeo_large_ld128": {
    "mean_abs_corr_offdiag": 0.052725320108808,
    "p95_abs_corr_offdiag": 0.13764275710743207,
    "max_abs_corr_offdiag": 0.766043042907348,
    "offdiag_energy_ratio": 0.6467325928119513
  },
  "FullCovGeo_small_ld128": {
    "mean_abs_corr_offdiag": 0.05556412385060237,
    "p95_abs_corr_offdiag": 0.14139609669263548,
    "max_abs_corr_offdiag": 0.7241545640505277,
    "offdiag_energy_ratio": 0.6495943436255822
  },
  "FullCovGeo_small_ld64": {
    "mean_abs_corr_offdiag": 0.10952650397442855,
    "p95_abs_corr_offdiag": 0.2995571098648585,
    "max_abs_corr_offdiag": 0.8437594565061423,
    "offdiag_energy_ratio": 0.769773570390848
  }
}