epoch,train_loss,train_recon,train_kl,val_loss,val_recon,val_kl,epoch_seconds
1,118078.8828125,118041.296875,375.8311233520508,119632.2734375,119631.9296875,3.4155781269073486,2.458387613296509
