{
  "Baseline": {
    "ssim": 0.6153084640340476,
    "lsd": 2.0244200293506895,
    "arias_err": 0.46989078087164543,
    "env_corr": 0.3706747676173588,
    "dtw": 6252.786718741552,
    "xcorr": 0.17931466737123777
  },
  "FullCov": {
    "ssim": 0.5939364139880545,
    "lsd": 1.8841144463845663,
    "arias_err": 0.43112080513159406,
    "env_corr": 0.3576263466435859,
    "dtw": 7324.552232914696,
    "xcorr": 0.18116189173547534
  },
  "Flow": {
    "ssim": 0.597989514674339,
    "lsd": 2.113935174686568,
    "arias_err": 0.432056380807862,
    "env_corr": 0.3781680510539586,
    "dtw": 6124.403748560949,
    "xcorr": 0.18274114997464114
  },
  "WBaseline": {
    "ssim": 0.6190843354748866,
    "lsd": 1.8120697289705276,
    "arias_err": 0.37408907745456327,
    "env_corr": 0.3916657768056151,
    "dtw": 7672.3665607313405,
    "xcorr": 0.18250573081500554
  }
}