{
  "Baseline": {
    "ssim": 0.6349002299994483,
    "lsd": 2.212479591369629,
    "sc": 0.19112536311149597,
    "s_corr": 0.9704594341486441,
    "sta_lta_err": 0.06385893465306748,
    "mr_lsd": 1.6669859772512032,
    "arias_err": 0.41697276095336144,
    "env_corr": 0.5766746268388524,
    "dtw": 12099.39606959945,
    "xcorr": 0.2172564234318543
  },
  "FullCov": {
    "ssim": 0.6075018759647999,
    "lsd": 1.900023102760315,
    "sc": 0.22082629799842834,
    "s_corr": 0.9607214530799102,
    "sta_lta_err": 0.08632632195622437,
    "mr_lsd": 1.8479465243570545,
    "arias_err": 0.41018314967942343,
    "env_corr": 0.572839637194775,
    "dtw": 11761.191212291626,
    "xcorr": 0.21118800178746377
  },
  "Flow": {
    "ssim": 0.6002078321187169,
    "lsd": 2.1242074966430664,
    "sc": 0.19177578389644623,
    "s_corr": 0.9701145089670385,
    "sta_lta_err": 0.06307570300083673,
    "mr_lsd": 2.1857288604481906,
    "arias_err": 0.3415464493870954,
    "env_corr": 0.581192194557872,
    "dtw": 11839.79925355091,
    "xcorr": 0.21542483737838133
  }
}