{
  "Baseline": {
    "ssim": 0.42565878103886,
    "lsd": 2.5441844761371613,
    "sc": 0.7818696510333282,
    "s_corr": 0.5659904213485694,
    "sta_lta_err": 0.20892559854863757,
    "mr_lsd": 3.1804151743028206,
    "arias_err": 0.6927178678716189,
    "env_corr": -0.15396552248465026,
    "dtw": 13606.008253596672,
    "xcorr": 0.1631010892347945
  },
  "FullCov": {
    "ssim": 0.42173807939567287,
    "lsd": 2.5243994891643524,
    "sc": 0.750901304758512,
    "s_corr": 0.5755867265417796,
    "sta_lta_err": 0.211973355215327,
    "mr_lsd": 3.0764392838424635,
    "arias_err": 0.8383329275033469,
    "env_corr": -0.1268307680990194,
    "dtw": 13634.179013171088,
    "xcorr": 0.14185541513275932
  },
  "Flow": {
    "ssim": 0.28883058897650155,
    "lsd": 2.6118195263239055,
    "sc": 0.673004612326622,
    "s_corr": 0.5933224881573889,
    "sta_lta_err": 0.19408727042754081,
    "mr_lsd": 3.295867005666623,
    "arias_err": 0.9976191799485187,
    "env_corr": -0.1448647674500229,
    "dtw": 13142.655976103648,
    "xcorr": 0.08412894900902913
  },
  "WBaseline": {
    "ssim": 0.433919226992977,
    "lsd": 2.03466741167582,
    "sc": 0.734581165588819,
    "s_corr": 0.5514472373717045,
    "sta_lta_err": 0.18079404988557402,
    "mr_lsd": 3.0563904037045244,
    "arias_err": 0.8821833921129046,
    "env_corr": -0.1314338474842075,
    "dtw": 13434.346669187977,
    "xcorr": 0.13900892835171957
  },
  "WFullCov": {
    "ssim": 0.4307686488115874,
    "lsd": 2.476962637442809,
    "sc": 0.7837920830799983,
    "s_corr": 0.5919998971931567,
    "sta_lta_err": 0.211614984545335,
    "mr_lsd": 3.197628403284474,
    "arias_err": 0.7584161368327246,
    "env_corr": -0.1402017585577711,
    "dtw": 13990.15995584152,
    "xcorr": 0.1682803978313889
  },
  "WFlow": {
    "ssim": 0.3415831481864178,
    "lsd": 2.514022687306771,
    "sc": 0.6685605020477221,
    "s_corr": 0.6000783869098473,
    "sta_lta_err": 0.218148011180025,
    "mr_lsd": 3.1899688353656694,
    "arias_err": 0.9894535402104252,
    "env_corr": -0.16953179243357075,
    "dtw": 13313.20836277534,
    "xcorr": 0.12345110088265644
  },
  "CVAE_MRLoss": {
    "ssim": 0.41808113008114856,
    "lsd": 2.003531141923024,
    "sc": 0.7723128291276785,
    "s_corr": 0.5558369798463326,
    "sta_lta_err": 0.1974150107545824,
    "mr_lsd": 3.1406521064613697,
    "arias_err": 0.8490866727716775,
    "env_corr": -0.14530468817613756,
    "dtw": 13283.057505775816,
    "xcorr": 0.13186152903246726
  }
}