{
  "Baseline": {
    "ssim": 0.6349002262376595,
    "lsd": 2.2124795821996837,
    "sc": 0.19112536368461755,
    "s_corr": 0.9704594341379474,
    "sta_lta_err": 0.06385893440890025,
    "mr_lsd": 1.6669466263084989,
    "arias_err": 0.417779539608605,
    "env_corr": 0.5763407693259676,
    "dtw": 11212.074169220608,
    "xcorr": 0.22777990472107817
  },
  "FullCov": {
    "ssim": 0.6075018758831283,
    "lsd": 1.9000230546181018,
    "sc": 0.2208262928403341,
    "s_corr": 0.9607214530139999,
    "sta_lta_err": 0.08632632227711082,
    "mr_lsd": 1.8472061448288823,
    "arias_err": 0.4096245313070258,
    "env_corr": 0.5729069232252377,
    "dtw": 11757.535535073235,
    "xcorr": 0.21243719974905828
  },
  "Flow": {
    "ssim": 0.6002078323692304,
    "lsd": 2.1242075998049517,
    "sc": 0.19177578332332465,
    "s_corr": 0.9701145090008055,
    "sta_lta_err": 0.06307570347166194,
    "mr_lsd": 2.1894926020182788,
    "arias_err": 0.34150359455129575,
    "env_corr": 0.5846216214057822,
    "dtw": 12061.999796477223,
    "xcorr": 0.20364826109468628
  },
  "WBaseline": {
    "ssim": 0.623660350050997,
    "lsd": 1.8122636996782744,
    "sc": 0.18222646673138326,
    "s_corr": 0.9730572931370917,
    "sta_lta_err": 0.06257715166495052,
    "mr_lsd": 1.9669971683790939,
    "arias_err": 0.3603056948657588,
    "env_corr": 0.5995993025284455,
    "dtw": 11859.445451528969,
    "xcorr": 0.21788831270828635
  },
  "WFullCov": {
    "ssim": 0.6064615379892522,
    "lsd": 1.7589237644122198,
    "sc": 0.21257415815041616,
    "s_corr": 0.9639305556858057,
    "sta_lta_err": 0.0765609917293062,
    "mr_lsd": 1.8381446874910299,
    "arias_err": 0.5054241260631454,
    "env_corr": 0.5692822319502548,
    "dtw": 11493.823500247345,
    "xcorr": 0.2003150746792925
  },
  "WFlow": {
    "ssim": 0.6220581497836165,
    "lsd": 1.828687275831516,
    "sc": 0.1990575363429693,
    "s_corr": 0.9685767094030258,
    "sta_lta_err": 0.09306129745921274,
    "mr_lsd": 1.7369069862286834,
    "arias_err": 0.30939496418624246,
    "env_corr": 0.5975978902206239,
    "dtw": 12190.657099334408,
    "xcorr": 0.2083814283534856
  },
  "CVAE_MRLoss": {
    "ssim": 0.5863737384297845,
    "lsd": 2.0513071417808533,
    "sc": 0.19514653573815638,
    "s_corr": 0.9694292473100641,
    "sta_lta_err": 0.061066556216363366,
    "mr_lsd": 2.223725640759444,
    "arias_err": 0.45620630158131004,
    "env_corr": 0.5884803761731988,
    "dtw": 11722.734514019907,
    "xcorr": 0.19116059921986142
  }
}