{
  "Baseline": {
    "ssim": 0.6153084640340476,
    "lsd": 2.0244200293506895,
    "arias_err": 0.4702699710137141,
    "env_corr": 0.3749660128519535,
    "dtw": 6322.0520744030355,
    "xcorr": 0.17912592753030343
  },
  "FullCov": {
    "ssim": 0.5939364139880545,
    "lsd": 1.8841144463845663,
    "arias_err": 0.43093175866538874,
    "env_corr": 0.3603141713258809,
    "dtw": 7087.095338597782,
    "xcorr": 0.1804442096191293
  },
  "Flow": {
    "ssim": 0.597989514674339,
    "lsd": 2.113935174686568,
    "arias_err": 0.43181221846401463,
    "env_corr": 0.3788593416773568,
    "dtw": 6737.177429341516,
    "xcorr": 0.17610808037324088
  },
  "WFullCov": {
    "ssim": 0.5968384677114132,
    "lsd": 1.7562157149825777,
    "arias_err": 0.45811921097866465,
    "env_corr": 0.3558777807035782,
    "dtw": 6638.243957963036,
    "xcorr": 0.17721873534625082
  }
}