{
  "Baseline": {
    "ssim": 0.6349002268346724,
    "lsd": 2.2124795821996837,
    "sc": 0.19112536368461755,
    "s_corr": 0.9704594341412586,
    "arias_err": 0.4173597017848477,
    "env_corr": 0.5810864721273645,
    "dtw": 12110.738530779363,
    "xcorr": 0.2209548061383586
  },
  "FullCov": {
    "ssim": 0.6075018757533334,
    "lsd": 1.9000230546181018,
    "sc": 0.2208262928403341,
    "s_corr": 0.9607214530185461,
    "arias_err": 0.41022639013942086,
    "env_corr": 0.5727354223003733,
    "dtw": 11540.68989321915,
    "xcorr": 0.20720031637029102
  },
  "Flow": {
    "ssim": 0.6002078317927719,
    "lsd": 2.1242075975124655,
    "sc": 0.19177578360988543,
    "s_corr": 0.9701145089585552,
    "arias_err": 0.340959721786561,
    "env_corr": 0.5843894578777584,
    "dtw": 12085.42688106188,
    "xcorr": 0.21388341488908286
  },
  "WFullCov": {
    "ssim": 0.6064615371871677,
    "lsd": 1.7589237644122198,
    "sc": 0.21257415786385536,
    "s_corr": 0.963930555706068,
    "arias_err": 0.5053764894290409,
    "env_corr": 0.5684794922732856,
    "dtw": 11084.786201234236,
    "xcorr": 0.20939094803633176
  }
}