{
  "Baseline": {
    "ssim": 0.6153084640340476,
    "lsd": 2.0244200293506895,
    "sc": 0.26203307456203867,
    "s_corr": 0.9398696434288417,
    "arias_err": 0.4702236281179917,
    "env_corr": 0.3715072798278281,
    "dtw": 6331.623190637333,
    "xcorr": 0.18051189443929042
  },
  "FullCov": {
    "ssim": 0.5939364139880545,
    "lsd": 1.8841144463845663,
    "sc": 0.27862687116222723,
    "s_corr": 0.9333396896778142,
    "arias_err": 0.43156140621640404,
    "env_corr": 0.3492230690097391,
    "dtw": 6474.884941173017,
    "xcorr": 0.17838349030172612
  },
  "Flow": {
    "ssim": 0.597989514674339,
    "lsd": 2.113935174686568,
    "sc": 0.24695961230567523,
    "s_corr": 0.9458050633623688,
    "arias_err": 0.431882239475602,
    "env_corr": 0.373604770469834,
    "dtw": 6274.106105201437,
    "xcorr": 0.18756470555439483
  },
  "WFullCov": {
    "ssim": 0.5968384677114132,
    "lsd": 1.7562157149825777,
    "sc": 0.2678489437592881,
    "s_corr": 0.9374766548412854,
    "arias_err": 0.4574930700206658,
    "env_corr": 0.36529212481588685,
    "dtw": 6427.456179031803,
    "xcorr": 0.1766738980078286
  }
}