{
  "Baseline": {
    "ssim": 0.6153084640340476,
    "lsd": 2.0244200293506895,
    "arias_err": 0.4701880619037535,
    "env_corr": 0.370605162347207,
    "dtw": 5944.330856912177,
    "xcorr": 0.18589825715421318
  },
  "FullCov": {
    "ssim": 0.5939364139880545,
    "lsd": 1.8841144463845663,
    "arias_err": 0.43112762777003927,
    "env_corr": 0.3557683497773869,
    "dtw": 6545.5386321590195,
    "xcorr": 0.17295347504383685
  },
  "Flow": {
    "ssim": 0.597989514674339,
    "lsd": 2.113935174686568,
    "arias_err": 0.4318339024147401,
    "env_corr": 0.3867687114133898,
    "dtw": 7086.653393838386,
    "xcorr": 0.17422025337625796
  },
  "WFlow": {
    "ssim": 0.6129490829642984,
    "lsd": 1.830019963639123,
    "arias_err": 0.3664662081943315,
    "env_corr": 0.36243698475256014,
    "dtw": 7035.8700239548125,
    "xcorr": 0.1790430569698576
  }
}