{
  "Baseline": {
    "ssim": 0.6349002277855923,
    "lsd": 2.212479579907197,
    "sc": 0.19112536368461755,
    "s_corr": 0.970459434152748,
    "arias_err": 0.4172988737325615,
    "env_corr": 0.58522366949445,
    "dtw": 11522.31296517939,
    "xcorr": 0.21931407472150924
  },
  "FullCov": {
    "ssim": 0.6075018754484903,
    "lsd": 1.9000230546181018,
    "sc": 0.2208262928403341,
    "s_corr": 0.9607214530132983,
    "arias_err": 0.40963726841623227,
    "env_corr": 0.5746767897320582,
    "dtw": 12307.068990226018,
    "xcorr": 0.20750030308781475
  },
  "Flow": {
    "ssim": 0.6002078317711967,
    "lsd": 2.1242075998049517,
    "sc": 0.19177578332332465,
    "s_corr": 0.9701145089636138,
    "arias_err": 0.3414200483395018,
    "env_corr": 0.5839949366859755,
    "dtw": 12601.994762095112,
    "xcorr": 0.21725420692669203
  },
  "WFlow": {
    "ssim": 0.6220581506063062,
    "lsd": 1.828687275831516,
    "sc": 0.19905753576984772,
    "s_corr": 0.9685767095726512,
    "arias_err": 0.3092794711057403,
    "env_corr": 0.5897133715118774,
    "dtw": 11864.364915962291,
    "xcorr": 0.2119381399495596
  }
}