{
  "Baseline": {
    "ssim": 0.6153084640340476,
    "lsd": 2.0244200293506895,
    "sc": 0.26203307456203867,
    "s_corr": 0.9398696434288417,
    "arias_err": 0.47008624433887497,
    "env_corr": 0.3735268429788028,
    "dtw": 6238.013867571421,
    "xcorr": 0.18143046779254662
  },
  "FullCov": {
    "ssim": 0.5939364139880545,
    "lsd": 1.8841144463845663,
    "sc": 0.27862687116222723,
    "s_corr": 0.9333396896778142,
    "arias_err": 0.43124724951072746,
    "env_corr": 0.34994487262688073,
    "dtw": 6820.744309104673,
    "xcorr": 0.17497129493783792
  },
  "Flow": {
    "ssim": 0.597989514674339,
    "lsd": 2.113935174686568,
    "sc": 0.24695961230567523,
    "s_corr": 0.9458050633623688,
    "arias_err": 0.43165366614891837,
    "env_corr": 0.37561075139326494,
    "dtw": 6486.113379852728,
    "xcorr": 0.17800959636405617
  },
  "WFlow": {
    "ssim": 0.6129490829642984,
    "lsd": 1.830019963639123,
    "sc": 0.2533857503107616,
    "s_corr": 0.9439067192366272,
    "arias_err": 0.3668925355534223,
    "env_corr": 0.36256536029393027,
    "dtw": 7081.513598811636,
    "xcorr": 0.17587273961108993
  }
}